x_mm_from_throat,radius_mm,diameter_mm
0.0,16.0,32.0
16.5,17.0,34.0
33.0,18.1,36.1
49.5,19.2,38.4
66.1,20.4,40.8
82.6,21.7,43.3
99.1,23.0,46.0
115.6,24.4,48.9
132.1,26.0,51.9
148.6,27.6,55.2
165.2,29.3,58.6
181.7,31.1,62.3
198.2,33.1,66.1
214.7,35.1,70.3
231.2,37.3,74.7
247.7,39.7,79.3
264.3,42.1,84.3
280.8,44.8,89.5
297.3,47.5,95.1
313.8,50.5,101.0
330.3,53.7,107.3
346.8,57.0,114.0
363.4,60.6,121.1
379.9,64.3,128.7
396.4,68.4,136.7
412.9,72.6,145.3
429.4,77.2,154.3
445.9,82.0,163.9
462.4,87.1,174.2
479.0,92.5,185.0
495.5,98.3,196.6
512.0,104.4,208.8
528.5,110.9,221.9
545.0,117.8,235.7
561.5,125.2,250.4
578.1,133.0,266.0
594.6,141.3,282.6
611.1,150.1,300.2
627.6,159.5,319.0
644.1,169.4,338.9
660.6,180.0,360.0
